# Seeded from the Unicode Character Database (Unihan), field kDefinition.
# (c) 2025 Unicode, Inc. Unicode and the Unicode Logo are registered
# trademarks of Unicode, Inc. in the U.S. and other countries.
# For terms of use and license, see https://www.unicode.org/terms_of_use.html
# Generated by GlossSeedMain - regenerate rather than edit.
#
# NOT CHECKED BY ANYBODY. A machine's first reading of a dictionary
# field, kept apart from the hand-written set for that reason.
# Seeded partition 78 - what the seeder could not do cleanly.
# Generated by GlossSeedMain; regenerate rather than edit.
# FLAGGED  seeded, check before trusting
# QUEUED   a polyphone; split its senses across its readings
# UNSEEDED nothing usable to seed from; write one
# codepoint	glyph	reading	kind	doubts	detail
19975	万	wan4	QUEUED		wàn mò
20379	供	gong1	QUEUED		gōng gòng
23712	岠	ju4	UNSEEDED	EMPTY	<no kDefinition>
31085	祭	ji4	QUEUED		jì zhài
183696	𬶐	zhao4	UNSEEDED	EMPTY	<no kDefinition>
29873	璱	se4	UNSEEDED	EMPTY	<no kDefinition>
